Type,Quartile,Cancer,Estimate,Lower,Upper
1_Bladder_Q1,Q1,Bladder,1,1,1
1_Bladder_Q2,Q2,Bladder,1.38,0.96,1.98
1_Bladder_Q3,Q3,Bladder,2.83,2.04,3.93
1_Bladder_Q4,Q4,Bladder,3.98,2.8,5.67
2_Colorectal_Q1,Q1,Colorectal,1,1,1
2_Colorectal_Q2,Q2,Colorectal,1.25,0.88,1.76
2_Colorectal_Q3,Q3,Colorectal,3.09,2.19,4.36
2_Colorectal_Q4,Q4,Colorectal,4.07,2.77,5.99
3_Kidney_Q1,Q1,Kidney,1,1,1
3_Kidney_Q2,Q2,Kidney,1.18,0.82,1.7
3_Kidney_Q3,Q3,Kidney,2.5,1.79,3.51
3_Kidney_Q4,Q4,Kidney,3.46,2.37,5.04
