DiseaseGroup,Cause_of_Death,Average,RiskRatio,Lower,Upper
A,All Cause,12 Months,1.01,0.94,1.08
A,All Cause,24 Months,1.06,0.99,1.13
A,All Cause,36 Months,1.08,1.01,1.15
A,All Cause,48 Months,1.07,1,1.14
A,All Cause,60 Months,1.13,1.06,1.2
A,Subset 1,12 Months,0.97,0.9,1.04
A,Subset 1,24 Months,1.02,0.94,1.1
A,Subset 1,36 Months,0.98,0.9,1.06
A,Subset 1,48 Months,1,0.92,1.08
A,Subset 1,60 Months,1.04,0.96,1.12
A,Subset 2,12 Months,1.05,1,1.1
A,Subset 2,24 Months,1.1,1.05,1.15
A,Subset 2,36 Months,1.12,1.07,1.17
A,Subset 2,48 Months,1.11,1.06,1.16
A,Subset 2,60 Months,1.17,1.12,1.22
B,Cardiovascular,12 Months,1.06,1.02,1.1
B,Cardiovascular,24 Months,1.07,1.03,1.11
B,Cardiovascular,36 Months,1.09,1.05,1.13
B,Cardiovascular,48 Months,1.12,1.08,1.16
B,Cardiovascular,60 Months,1.14,1.1,1.18
B,Subset 1,12 Months,1.02,0.97,1.07
B,Subset 1,24 Months,1.03,0.98,1.08
B,Subset 1,36 Months,1.05,1,1.1
B,Subset 1,48 Months,1.08,1.03,1.13
B,Subset 1,60 Months,1.1,1.05,1.15
B,Subset 2,12 Months,1.03,0.98,1.08
B,Subset 2,24 Months,1.04,0.99,1.09
B,Subset 2,36 Months,1.04,0.99,1.09
B,Subset 2,48 Months,1.04,0.99,1.09
B,Subset 2,60 Months,1.06,1.01,1.11
B,Subset 3,12 Months,1.07,1.03,1.11
B,Subset 3,24 Months,1.1,1.06,1.14
B,Subset 3,36 Months,1.1,1.06,1.14
B,Subset 3,48 Months,1.12,1.08,1.16
B,Subset 3,60 Months,1.13,1.09,1.17
C,Respiratory,12 Months,0.97,0.9,1.04
C,Respiratory,24 Months,1,0.93,1.07
C,Respiratory,36 Months,1,0.93,1.07
C,Respiratory,48 Months,1.02,0.95,1.09
C,Respiratory,60 Months,1.03,0.96,1.1
C,Subset 1,12 Months,0.97,0.91,1.03
C,Subset 1,24 Months,1,0.94,1.06
C,Subset 1,36 Months,1,0.94,1.06
C,Subset 1,48 Months,1.02,0.96,1.08
C,Subset 1,60 Months,1.03,0.97,1.09
C,Subset 2,12 Months,1.02,0.96,1.08
C,Subset 2,24 Months,1.05,0.99,1.11
C,Subset 2,36 Months,1.05,0.99,1.11
C,Subset 2,48 Months,1.06,1,1.12
C,Subset 2,60 Months,1.065,1.005,1.125
D,Cancer,12 Months,0.99,0.91,1.07
D,Cancer,24 Months,1.02,0.94,1.1
D,Cancer,36 Months,1.02,0.94,1.1
D,Cancer,48 Months,1.03,0.95,1.11
D,Cancer,60 Months,1.035,0.955,1.115
D,Subset 1,12 Months,1.01,0.95,1.07
D,Subset 1,24 Months,1.04,0.98,1.1
D,Subset 1,36 Months,1.04,0.98,1.1
D,Subset 1,48 Months,1.03,0.97,1.09
D,Subset 1,60 Months,1.03,0.97,1.09
