DiseaseGroup,Cause_of_Death,Average,RiskRatio,Lower,Upper
A,All Cause,12 Months,1.227,1.222,1.232
A,All Cause,24 Months,1.311,1.304,1.318
A,All Cause,36 Months,1.374,1.365,1.384
A,All Cause,48 Months,1.426,1.412,1.439
A,All Cause,60 Months,1.459,1.439,1.48
A,Non Accidental,12 Months,1.232,1.227,1.237
A,Non Accidental,24 Months,1.318,1.31,1.325
A,Non Accidental,36 Months,1.382,1.372,1.392
A,Non Accidental,48 Months,1.434,1.42,1.448
A,Non Accidental,60 Months,1.469,1.448,1.489
A,Accidental,12 Months,1.008,0.98,1.036
A,Accidental,24 Months,1.014,0.975,1.055
A,Accidental,36 Months,1.022,0.97,1.076
A,Accidental,48 Months,1.055,0.984,1.132
A,Accidental,60 Months,1.046,0.946,1.158
B,CVD,12 Months,1.559,1.549,1.568
B,CVD,24 Months,1.788,1.774,1.803
B,CVD,36 Months,1.888,1.867,1.909
B,CVD,48 Months,1.99,1.96,2.019
B,CVD,60 Months,2.106,2.061,2.153
B,IHD,12 Months,1.753,1.739,1.767
B,IHD,24 Months,2.036,2.014,2.059
B,IHD,36 Months,2.123,2.092,2.154
B,IHD,48 Months,2.204,2.161,2.249
B,IHD,60 Months,2.407,2.337,2.479
B,CBVD,12 Months,1.778,1.753,1.804
B,CBVD,24 Months,2.175,2.131,2.219
B,CBVD,36 Months,2.35,2.288,2.413
B,CBVD,48 Months,2.515,2.425,2.609
B,CBVD,60 Months,2.353,2.229,2.484
B,CHF,12 Months,1.073,1.048,1.099
B,CHF,24 Months,1.098,1.062,1.136
B,CHF,36 Months,1.246,1.192,1.302
B,CHF,48 Months,1.425,1.343,1.512
B,CHF,60 Months,1.794,1.648,1.954
C,All Respiratory,12 Months,1.238,1.224,1.252
C,All Respiratory,24 Months,1.327,1.306,1.349
C,All Respiratory,36 Months,1.463,1.433,1.494
C,All Respiratory,48 Months,1.584,1.54,1.63
C,All Respiratory,60 Months,1.624,1.558,1.693
C,COPD,12 Months,1.098,1.081,1.116
C,COPD,24 Months,1.112,1.088,1.137
C,COPD,36 Months,1.191,1.157,1.227
C,COPD,48 Months,1.163,1.118,1.209
C,COPD,60 Months,1.067,1.007,1.13
C,Pneumonia,12 Months,1.6,1.567,1.633
C,Pneumonia,24 Months,1.911,1.858,1.965
C,Pneumonia,36 Months,2.197,2.119,2.278
C,Pneumonia,48 Months,2.573,2.45,2.702
C,Pneumonia,60 Months,3.157,2.934,3.397
D,All Cancer,12 Months,1.145,1.136,1.155
D,All Cancer,24 Months,1.192,1.178,1.206
D,All Cancer,36 Months,1.208,1.189,1.226
D,All Cancer,48 Months,1.23,1.205,1.256
D,All Cancer,60 Months,1.238,1.201,1.276
D,Lung Cancer,12 Months,1.132,1.114,1.15
D,Lung Cancer,24 Months,1.217,1.19,1.245
D,Lung Cancer,36 Months,1.253,1.216,1.292
D,Lung Cancer,48 Months,1.268,1.217,1.321
D,Lung Cancer,60 Months,1.33,1.253,1.411
