Race_Ethnicity,Year,DiseaseType,AgeAdjustedMortalityRate
Non-Hispanic White,2000,HeartDisease,255.5
Non-Hispanic White,2001,HeartDisease,247.2
Non-Hispanic White,2002,HeartDisease,242.5
Non-Hispanic White,2003,HeartDisease,234.2
Non-Hispanic White,2004,HeartDisease,220.1
Non-Hispanic White,2005,HeartDisease,215.5
Non-Hispanic White,2006,HeartDisease,204.5
Non-Hispanic White,2007,HeartDisease,195.5
Non-Hispanic White,2008,HeartDisease,192.4
Non-Hispanic White,2009,HeartDisease,182.9
Non-Hispanic White,2010,HeartDisease,179.9
Non-Hispanic White,2011,HeartDisease,175.6
Non-Hispanic White,2012,HeartDisease,172.3
Non-Hispanic White,2013,HeartDisease,171.8
Non-Hispanic White,2014,HeartDisease,169.9
Non-Hispanic White,2015,HeartDisease,171.9
Non-Hispanic White,2000,IschemicHeartDisease,186.6
Non-Hispanic White,2001,IschemicHeartDisease,178.5
Non-Hispanic White,2002,IschemicHeartDisease,173.2
Non-Hispanic White,2003,IschemicHeartDisease,165.5
Non-Hispanic White,2004,IschemicHeartDisease,153.3
Non-Hispanic White,2005,IschemicHeartDisease,148.3
Non-Hispanic White,2006,IschemicHeartDisease,138.6
Non-Hispanic White,2007,IschemicHeartDisease,129.9
Non-Hispanic White,2008,IschemicHeartDisease,127.4
Non-Hispanic White,2009,IschemicHeartDisease,118.9
Non-Hispanic White,2010,IschemicHeartDisease,115
Non-Hispanic White,2011,IschemicHeartDisease,111.1
Non-Hispanic White,2012,IschemicHeartDisease,107.4
Non-Hispanic White,2013,IschemicHeartDisease,104.6
Non-Hispanic White,2014,IschemicHeartDisease,101.2
Non-Hispanic White,2015,IschemicHeartDisease,99.7
Non-Hispanic White,2000,HeartFailure,20.7
Non-Hispanic White,2001,HeartFailure,20.8
Non-Hispanic White,2002,HeartFailure,20.4
Non-Hispanic White,2003,HeartFailure,20.3
Non-Hispanic White,2004,HeartFailure,20
Non-Hispanic White,2005,HeartFailure,20.1
Non-Hispanic White,2006,HeartFailure,20.2
Non-Hispanic White,2007,HeartFailure,18.4
Non-Hispanic White,2008,HeartFailure,18.1
Non-Hispanic White,2009,HeartFailure,17.7
Non-Hispanic White,2010,HeartFailure,17.8
Non-Hispanic White,2011,HeartFailure,17.5
Non-Hispanic White,2012,HeartFailure,17.7
Non-Hispanic White,2013,HeartFailure,18.7
Non-Hispanic White,2014,HeartFailure,19.3
Non-Hispanic White,2015,HeartFailure,20.8
Non-Hispanic White,2000,OtherHeartDisease,48.1
Non-Hispanic White,2001,OtherHeartDisease,47.7
Non-Hispanic White,2002,OtherHeartDisease,48.8
Non-Hispanic White,2003,OtherHeartDisease,48.4
Non-Hispanic White,2004,OtherHeartDisease,46.7
Non-Hispanic White,2005,OtherHeartDisease,47.1
Non-Hispanic White,2006,OtherHeartDisease,45.8
Non-Hispanic White,2007,OtherHeartDisease,47.2
Non-Hispanic White,2008,OtherHeartDisease,46.8
Non-Hispanic White,2009,OtherHeartDisease,46.4
Non-Hispanic White,2010,OtherHeartDisease,47
Non-Hispanic White,2011,OtherHeartDisease,47.1
Non-Hispanic White,2012,OtherHeartDisease,47.2
Non-Hispanic White,2013,OtherHeartDisease,48.6
Non-Hispanic White,2014,OtherHeartDisease,49.4
Non-Hispanic White,2015,OtherHeartDisease,51.5
Non-Hispanic Asian Pacific Islander,2000,HeartDisease,146.1
Non-Hispanic Asian Pacific Islander,2001,HeartDisease,139.5
Non-Hispanic Asian Pacific Islander,2002,HeartDisease,139.2
Non-Hispanic Asian Pacific Islander,2003,HeartDisease,132.5
Non-Hispanic Asian Pacific Islander,2004,HeartDisease,123.4
Non-Hispanic Asian Pacific Islander,2005,HeartDisease,119.8
Non-Hispanic Asian Pacific Islander,2006,HeartDisease,115.7
Non-Hispanic Asian Pacific Islander,2007,HeartDisease,108.6
Non-Hispanic Asian Pacific Islander,2008,HeartDisease,108.1
Non-Hispanic Asian Pacific Islander,2009,HeartDisease,103.8
Non-Hispanic Asian Pacific Islander,2010,HeartDisease,101.1
Non-Hispanic Asian Pacific Islander,2011,HeartDisease,93.8
Non-Hispanic Asian Pacific Islander,2012,HeartDisease,92.7
Non-Hispanic Asian Pacific Islander,2013,HeartDisease,93.2
Non-Hispanic Asian Pacific Islander,2014,HeartDisease,86.4
Non-Hispanic Asian Pacific Islander,2015,HeartDisease,86.6
Non-Hispanic Asian Pacific Islander,2000,IschemicHeartDisease,109.7
Non-Hispanic Asian Pacific Islander,2001,IschemicHeartDisease,104.5
Non-Hispanic Asian Pacific Islander,2002,IschemicHeartDisease,102.3
Non-Hispanic Asian Pacific Islander,2003,IschemicHeartDisease,96.5
Non-Hispanic Asian Pacific Islander,2004,IschemicHeartDisease,88.2
Non-Hispanic Asian Pacific Islander,2005,IschemicHeartDisease,85.7
Non-Hispanic Asian Pacific Islander,2006,IschemicHeartDisease,82.3
Non-Hispanic Asian Pacific Islander,2007,IschemicHeartDisease,76.1
Non-Hispanic Asian Pacific Islander,2008,IschemicHeartDisease,76.1
Non-Hispanic Asian Pacific Islander,2009,IschemicHeartDisease,70.9
Non-Hispanic Asian Pacific Islander,2010,IschemicHeartDisease,69
Non-Hispanic Asian Pacific Islander,2011,IschemicHeartDisease,63.2
Non-Hispanic Asian Pacific Islander,2012,IschemicHeartDisease,61
Non-Hispanic Asian Pacific Islander,2013,IschemicHeartDisease,60.3
Non-Hispanic Asian Pacific Islander,2014,IschemicHeartDisease,55.3
Non-Hispanic Asian Pacific Islander,2015,IschemicHeartDisease,55.1
Non-Hispanic Asian Pacific Islander,2000,HeartFailure,7.8
Non-Hispanic Asian Pacific Islander,2001,HeartFailure,6.7
Non-Hispanic Asian Pacific Islander,2002,HeartFailure,7.1
Non-Hispanic Asian Pacific Islander,2003,HeartFailure,7.1
Non-Hispanic Asian Pacific Islander,2004,HeartFailure,6.6
Non-Hispanic Asian Pacific Islander,2005,HeartFailure,6.8
Non-Hispanic Asian Pacific Islander,2006,HeartFailure,6.8
Non-Hispanic Asian Pacific Islander,2007,HeartFailure,5.8
Non-Hispanic Asian Pacific Islander,2008,HeartFailure,6.5
Non-Hispanic Asian Pacific Islander,2009,HeartFailure,6.4
Non-Hispanic Asian Pacific Islander,2010,HeartFailure,6.7
Non-Hispanic Asian Pacific Islander,2011,HeartFailure,6.4
Non-Hispanic Asian Pacific Islander,2012,HeartFailure,6.8
Non-Hispanic Asian Pacific Islander,2013,HeartFailure,7.1
Non-Hispanic Asian Pacific Islander,2014,HeartFailure,7.2
Non-Hispanic Asian Pacific Islander,2015,HeartFailure,7.3
Non-Hispanic Asian Pacific Islander,2000,OtherHeartDisease,28.6
Non-Hispanic Asian Pacific Islander,2001,OtherHeartDisease,28.3
Non-Hispanic Asian Pacific Islander,2002,OtherHeartDisease,29.9
Non-Hispanic Asian Pacific Islander,2003,OtherHeartDisease,28.9
Non-Hispanic Asian Pacific Islander,2004,OtherHeartDisease,28.5
Non-Hispanic Asian Pacific Islander,2005,OtherHeartDisease,27.3
Non-Hispanic Asian Pacific Islander,2006,OtherHeartDisease,26.6
Non-Hispanic Asian Pacific Islander,2007,OtherHeartDisease,26.7
Non-Hispanic Asian Pacific Islander,2008,OtherHeartDisease,25.5
Non-Hispanic Asian Pacific Islander,2009,OtherHeartDisease,26.5
Non-Hispanic Asian Pacific Islander,2010,OtherHeartDisease,25.4
Non-Hispanic Asian Pacific Islander,2011,OtherHeartDisease,24.2
Non-Hispanic Asian Pacific Islander,2012,OtherHeartDisease,24.9
Non-Hispanic Asian Pacific Islander,2013,OtherHeartDisease,25.7
Non-Hispanic Asian Pacific Islander,2014,OtherHeartDisease,23.8
Non-Hispanic Asian Pacific Islander,2015,OtherHeartDisease,24.2
Hispanic,2000,HeartDisease,196
Hispanic,2001,HeartDisease,193.7
Hispanic,2002,HeartDisease,188.8
Hispanic,2003,HeartDisease,182.1
Hispanic,2004,HeartDisease,169.1
Hispanic,2005,HeartDisease,170.4
Hispanic,2006,HeartDisease,157.8
Hispanic,2007,HeartDisease,149.5
Hispanic,2008,HeartDisease,141.4
Hispanic,2009,HeartDisease,135.8
Hispanic,2010,HeartDisease,132.8
Hispanic,2011,HeartDisease,123.9
Hispanic,2012,HeartDisease,122
Hispanic,2013,HeartDisease,121.2
Hispanic,2014,HeartDisease,116
Hispanic,2015,HeartDisease,116.9
Hispanic,2000,IschemicHeartDisease,153.2
Hispanic,2001,IschemicHeartDisease,151.1
Hispanic,2002,IschemicHeartDisease,144.7
Hispanic,2003,IschemicHeartDisease,136.8
Hispanic,2004,IschemicHeartDisease,127.4
Hispanic,2005,IschemicHeartDisease,127.9
Hispanic,2006,IschemicHeartDisease,116.4
Hispanic,2007,IschemicHeartDisease,107.5
Hispanic,2008,IschemicHeartDisease,100.8
Hispanic,2009,IschemicHeartDisease,94.7
Hispanic,2010,IschemicHeartDisease,92.3
Hispanic,2011,IschemicHeartDisease,84.2
Hispanic,2012,IschemicHeartDisease,81.1
Hispanic,2013,IschemicHeartDisease,80.3
Hispanic,2014,IschemicHeartDisease,75.3
Hispanic,2015,IschemicHeartDisease,74.5
Hispanic,2000,HeartFailure,10.9
Hispanic,2001,HeartFailure,10.8
Hispanic,2002,HeartFailure,10.8
Hispanic,2003,HeartFailure,11.5
Hispanic,2004,HeartFailure,10.5
Hispanic,2005,HeartFailure,11.3
Hispanic,2006,HeartFailure,11.3
Hispanic,2007,HeartFailure,10.9
Hispanic,2008,HeartFailure,10.7
Hispanic,2009,HeartFailure,10.2
Hispanic,2010,HeartFailure,10
Hispanic,2011,HeartFailure,10.1
Hispanic,2012,HeartFailure,10.2
Hispanic,2013,HeartFailure,10.1
Hispanic,2014,HeartFailure,10.2
Hispanic,2015,HeartFailure,11.3
Hispanic,2000,OtherHeartDisease,31.9
Hispanic,2001,OtherHeartDisease,31.9
Hispanic,2002,OtherHeartDisease,33.2
Hispanic,2003,OtherHeartDisease,33.8
Hispanic,2004,OtherHeartDisease,31.2
Hispanic,2005,OtherHeartDisease,31.3
Hispanic,2006,OtherHeartDisease,30.1
Hispanic,2007,OtherHeartDisease,31.1
Hispanic,2008,OtherHeartDisease,30
Hispanic,2009,OtherHeartDisease,30.9
Hispanic,2010,OtherHeartDisease,30.6
Hispanic,2011,OtherHeartDisease,29.6
Hispanic,2012,OtherHeartDisease,30.7
Hispanic,2013,OtherHeartDisease,30.7
Hispanic,2014,OtherHeartDisease,30.5
Hispanic,2015,OtherHeartDisease,31.9
Non-Hispanic Black,2000,HeartDisease,328.4
Non-Hispanic Black,2001,HeartDisease,322.6
Non-Hispanic Black,2002,HeartDisease,317.1
Non-Hispanic Black,2003,HeartDisease,309.6
Non-Hispanic Black,2004,HeartDisease,290.9
Non-Hispanic Black,2005,HeartDisease,282.4
Non-Hispanic Black,2006,HeartDisease,268.2
Non-Hispanic Black,2007,HeartDisease,257.4
Non-Hispanic Black,2008,HeartDisease,248.1
Non-Hispanic Black,2009,HeartDisease,236.4
Non-Hispanic Black,2010,HeartDisease,229.5
Non-Hispanic Black,2011,HeartDisease,219.3
Non-Hispanic Black,2012,HeartDisease,216.3
Non-Hispanic Black,2013,HeartDisease,215.5
Non-Hispanic Black,2014,HeartDisease,210.8
Non-Hispanic Black,2015,HeartDisease,210.1
Non-Hispanic Black,2000,IschemicHeartDisease,220.4
Non-Hispanic Black,2001,IschemicHeartDisease,215
Non-Hispanic Black,2002,IschemicHeartDisease,208.5
Non-Hispanic Black,2003,IschemicHeartDisease,200.8
Non-Hispanic Black,2004,IschemicHeartDisease,186
Non-Hispanic Black,2005,IschemicHeartDisease,178.1
Non-Hispanic Black,2006,IschemicHeartDisease,168
Non-Hispanic Black,2007,IschemicHeartDisease,156.5
Non-Hispanic Black,2008,IschemicHeartDisease,149.4
Non-Hispanic Black,2009,IschemicHeartDisease,139.8
Non-Hispanic Black,2010,IschemicHeartDisease,133.4
Non-Hispanic Black,2011,IschemicHeartDisease,127.9
Non-Hispanic Black,2012,IschemicHeartDisease,123.4
Non-Hispanic Black,2013,IschemicHeartDisease,119.9
Non-Hispanic Black,2014,IschemicHeartDisease,114.8
Non-Hispanic Black,2015,IschemicHeartDisease,111.3
Non-Hispanic Black,2000,HeartFailure,22.4
Non-Hispanic Black,2001,HeartFailure,22.7
Non-Hispanic Black,2002,HeartFailure,22.7
Non-Hispanic Black,2003,HeartFailure,22.9
Non-Hispanic Black,2004,HeartFailure,22.2
Non-Hispanic Black,2005,HeartFailure,23
Non-Hispanic Black,2006,HeartFailure,22.2
Non-Hispanic Black,2007,HeartFailure,21.4
Non-Hispanic Black,2008,HeartFailure,20.6
Non-Hispanic Black,2009,HeartFailure,19.3
Non-Hispanic Black,2010,HeartFailure,19.8
Non-Hispanic Black,2011,HeartFailure,19.1
Non-Hispanic Black,2012,HeartFailure,19.6
Non-Hispanic Black,2013,HeartFailure,21
Non-Hispanic Black,2014,HeartFailure,21.6
Non-Hispanic Black,2015,HeartFailure,23.3
Non-Hispanic Black,2000,OtherHeartDisease,85.7
Non-Hispanic Black,2001,OtherHeartDisease,84.9
Non-Hispanic Black,2002,OtherHeartDisease,85.9
Non-Hispanic Black,2003,OtherHeartDisease,85.9
Non-Hispanic Black,2004,OtherHeartDisease,82.8
Non-Hispanic Black,2005,OtherHeartDisease,81.3
Non-Hispanic Black,2006,OtherHeartDisease,78.1
Non-Hispanic Black,2007,OtherHeartDisease,79.4
Non-Hispanic Black,2008,OtherHeartDisease,78.2
Non-Hispanic Black,2009,OtherHeartDisease,77.3
Non-Hispanic Black,2010,OtherHeartDisease,76.2
Non-Hispanic Black,2011,OtherHeartDisease,72.1
Non-Hispanic Black,2012,OtherHeartDisease,73.3
Non-Hispanic Black,2013,OtherHeartDisease,74.7
Non-Hispanic Black,2014,OtherHeartDisease,74.4
Non-Hispanic Black,2015,OtherHeartDisease,75.5
Non-Hispanic American Indian and Alaskan Native,2000,HeartDisease,197.8
Non-Hispanic American Indian and Alaskan Native,2001,HeartDisease,190.6
Non-Hispanic American Indian and Alaskan Native,2002,HeartDisease,195.7
Non-Hispanic American Indian and Alaskan Native,2003,HeartDisease,201.6
Non-Hispanic American Indian and Alaskan Native,2004,HeartDisease,192.8
Non-Hispanic American Indian and Alaskan Native,2005,HeartDisease,185.7
Non-Hispanic American Indian and Alaskan Native,2006,HeartDisease,182.7
Non-Hispanic American Indian and Alaskan Native,2007,HeartDisease,171.6
Non-Hispanic American Indian and Alaskan Native,2008,HeartDisease,163.6
Non-Hispanic American Indian and Alaskan Native,2009,HeartDisease,164.2
Non-Hispanic American Indian and Alaskan Native,2010,HeartDisease,161.6
Non-Hispanic American Indian and Alaskan Native,2011,HeartDisease,161
Non-Hispanic American Indian and Alaskan Native,2012,HeartDisease,153.7
Non-Hispanic American Indian and Alaskan Native,2013,HeartDisease,155.5
Non-Hispanic American Indian and Alaskan Native,2014,HeartDisease,153.3
Non-Hispanic American Indian and Alaskan Native,2015,HeartDisease,154.9
Non-Hispanic American Indian and Alaskan Native,2000,IschemicHeartDisease,142.7
Non-Hispanic American Indian and Alaskan Native,2001,IschemicHeartDisease,135.6
Non-Hispanic American Indian and Alaskan Native,2002,IschemicHeartDisease,141.3
Non-Hispanic American Indian and Alaskan Native,2003,IschemicHeartDisease,143.5
Non-Hispanic American Indian and Alaskan Native,2004,IschemicHeartDisease,138.9
Non-Hispanic American Indian and Alaskan Native,2005,IschemicHeartDisease,126
Non-Hispanic American Indian and Alaskan Native,2006,IschemicHeartDisease,127.6
Non-Hispanic American Indian and Alaskan Native,2007,IschemicHeartDisease,117
Non-Hispanic American Indian and Alaskan Native,2008,IschemicHeartDisease,108
Non-Hispanic American Indian and Alaskan Native,2009,IschemicHeartDisease,107.8
Non-Hispanic American Indian and Alaskan Native,2010,IschemicHeartDisease,106.3
Non-Hispanic American Indian and Alaskan Native,2011,IschemicHeartDisease,104.8
Non-Hispanic American Indian and Alaskan Native,2012,IschemicHeartDisease,101.7
Non-Hispanic American Indian and Alaskan Native,2013,IschemicHeartDisease,100.4
Non-Hispanic American Indian and Alaskan Native,2014,IschemicHeartDisease,97.8
Non-Hispanic American Indian and Alaskan Native,2015,IschemicHeartDisease,95.2
Non-Hispanic American Indian and Alaskan Native,2000,HeartFailure,16.7
Non-Hispanic American Indian and Alaskan Native,2001,HeartFailure,15.9
Non-Hispanic American Indian and Alaskan Native,2002,HeartFailure,16.8
Non-Hispanic American Indian and Alaskan Native,2003,HeartFailure,16
Non-Hispanic American Indian and Alaskan Native,2004,HeartFailure,16.6
Non-Hispanic American Indian and Alaskan Native,2005,HeartFailure,18.3
Non-Hispanic American Indian and Alaskan Native,2006,HeartFailure,16.6
Non-Hispanic American Indian and Alaskan Native,2007,HeartFailure,14.1
Non-Hispanic American Indian and Alaskan Native,2008,HeartFailure,17.4
Non-Hispanic American Indian and Alaskan Native,2009,HeartFailure,16.5
Non-Hispanic American Indian and Alaskan Native,2010,HeartFailure,16
Non-Hispanic American Indian and Alaskan Native,2011,HeartFailure,14.9
Non-Hispanic American Indian and Alaskan Native,2012,HeartFailure,12.7
Non-Hispanic American Indian and Alaskan Native,2013,HeartFailure,13.8
Non-Hispanic American Indian and Alaskan Native,2014,HeartFailure,13.4
Non-Hispanic American Indian and Alaskan Native,2015,HeartFailure,15
Non-Hispanic American Indian and Alaskan Native,2000,OtherHeartDisease,38.5
Non-Hispanic American Indian and Alaskan Native,2001,OtherHeartDisease,39.1
Non-Hispanic American Indian and Alaskan Native,2002,OtherHeartDisease,37.6
Non-Hispanic American Indian and Alaskan Native,2003,OtherHeartDisease,42.2
Non-Hispanic American Indian and Alaskan Native,2004,OtherHeartDisease,37.2
Non-Hispanic American Indian and Alaskan Native,2005,OtherHeartDisease,41.4
Non-Hispanic American Indian and Alaskan Native,2006,OtherHeartDisease,38.4
Non-Hispanic American Indian and Alaskan Native,2007,OtherHeartDisease,40.6
Non-Hispanic American Indian and Alaskan Native,2008,OtherHeartDisease,38.2
Non-Hispanic American Indian and Alaskan Native,2009,OtherHeartDisease,39.9
Non-Hispanic American Indian and Alaskan Native,2010,OtherHeartDisease,39.3
Non-Hispanic American Indian and Alaskan Native,2011,OtherHeartDisease,41.3
Non-Hispanic American Indian and Alaskan Native,2012,OtherHeartDisease,39.3
Non-Hispanic American Indian and Alaskan Native,2013,OtherHeartDisease,41.2
Non-Hispanic American Indian and Alaskan Native,2014,OtherHeartDisease,42.2
Non-Hispanic American Indian and Alaskan Native,2015,OtherHeartDisease,44.8
Total,2000,HeartDisease,257.6
Total,2001,HeartDisease,249.5
Total,2002,HeartDisease,244.6
Total,2003,HeartDisease,236.3
Total,2004,HeartDisease,221.6
Total,2005,HeartDisease,216.8
Total,2006,HeartDisease,205.5
Total,2007,HeartDisease,196.1
Total,2008,HeartDisease,192.1
Total,2009,HeartDisease,182.8
Total,2010,HeartDisease,179.1
Total,2011,HeartDisease,173.7
Total,2012,HeartDisease,170.5
Total,2013,HeartDisease,169.8
Total,2014,HeartDisease,167
Total,2015,HeartDisease,168.5
Total,2000,IschemicHeartDisease,186.8
Total,2001,IschemicHeartDisease,179
Total,2002,IschemicHeartDisease,173.5
Total,2003,IschemicHeartDisease,165.6
Total,2004,IschemicHeartDisease,153.2
Total,2005,IschemicHeartDisease,148.2
Total,2006,IschemicHeartDisease,138.3
Total,2007,IschemicHeartDisease,129.2
Total,2008,IschemicHeartDisease,126.1
Total,2009,IschemicHeartDisease,117.7
Total,2010,IschemicHeartDisease,113.6
Total,2011,IschemicHeartDisease,109.2
Total,2012,IschemicHeartDisease,105.4
Total,2013,IschemicHeartDisease,102.6
Total,2014,IschemicHeartDisease,98.8
Total,2015,IschemicHeartDisease,97.2
Total,2000,HeartFailure,20.3
Total,2001,HeartFailure,20.4
Total,2002,HeartFailure,19.9
Total,2003,HeartFailure,19.9
Total,2004,HeartFailure,19.5
Total,2005,HeartFailure,19.7
Total,2006,HeartFailure,19.7
Total,2007,HeartFailure,18
Total,2008,HeartFailure,17.7
Total,2009,HeartFailure,17.2
Total,2010,HeartFailure,17.3
Total,2011,HeartFailure,16.9
Total,2012,HeartFailure,17.1
Total,2013,HeartFailure,18
Total,2014,HeartFailure,18.6
Total,2015,HeartFailure,19.9
Total,2000,OtherHeartDisease,50.6
Total,2001,OtherHeartDisease,50.2
Total,2002,OtherHeartDisease,51.2
Total,2003,OtherHeartDisease,50.9
Total,2004,OtherHeartDisease,48.9
Total,2005,OtherHeartDisease,49
Total,2006,OtherHeartDisease,47.5
Total,2007,OtherHeartDisease,48.8
Total,2008,OtherHeartDisease,48.3
Total,2009,OtherHeartDisease,47.9
Total,2010,OtherHeartDisease,48.2
Total,2011,OtherHeartDisease,47.7
Total,2012,OtherHeartDisease,48
Total,2013,OtherHeartDisease,49.1
Total,2014,OtherHeartDisease,49.6
Total,2015,OtherHeartDisease,51.4
