Sex,Year,DiseaseType,AgeAdjustedMortalityRate
Male,2000,HeartDisease,320
Male,2001,HeartDisease,307.8
Male,2002,HeartDisease,303.4
Male,2003,HeartDisease,292.3
Male,2004,HeartDisease,274.1
Male,2005,HeartDisease,268.2
Male,2006,HeartDisease,254.9
Male,2007,HeartDisease,243.7
Male,2008,HeartDisease,238.5
Male,2009,HeartDisease,229.4
Male,2010,HeartDisease,225.1
Male,2011,HeartDisease,218.1
Male,2012,HeartDisease,214.7
Male,2013,HeartDisease,214.5
Male,2014,HeartDisease,210.9
Male,2015,HeartDisease,211.8
Male,2000,IschemicHeartDisease,241.4
Male,2001,IschemicHeartDisease,230.2
Male,2002,IschemicHeartDisease,224.7
Male,2003,IschemicHeartDisease,213.9
Male,2004,IschemicHeartDisease,198.4
Male,2005,IschemicHeartDisease,192.3
Male,2006,IschemicHeartDisease,180.7
Male,2007,IschemicHeartDisease,169.2
Male,2008,IschemicHeartDisease,165.1
Male,2009,IschemicHeartDisease,156.2
Male,2010,IschemicHeartDisease,151.3
Male,2011,IschemicHeartDisease,145.6
Male,2012,IschemicHeartDisease,141.1
Male,2013,IschemicHeartDisease,138.2
Male,2014,IschemicHeartDisease,133.5
Male,2015,IschemicHeartDisease,131.2
Male,2000,HeartFailure,21.5
Male,2001,HeartFailure,21.4
Male,2002,HeartFailure,21.1
Male,2003,HeartFailure,21.3
Male,2004,HeartFailure,20.8
Male,2005,HeartFailure,20.8
Male,2006,HeartFailure,21
Male,2007,HeartFailure,19.5
Male,2008,HeartFailure,19
Male,2009,HeartFailure,18.9
Male,2010,HeartFailure,19.2
Male,2011,HeartFailure,18.7
Male,2012,HeartFailure,19.1
Male,2013,HeartFailure,20.2
Male,2014,HeartFailure,20.9
Male,2015,HeartFailure,22.5
Male,2000,OtherHeartDisease,57.1
Male,2001,OtherHeartDisease,56.1
Male,2002,OtherHeartDisease,57.6
Male,2003,OtherHeartDisease,57.1
Male,2004,OtherHeartDisease,54.9
Male,2005,OtherHeartDisease,55
Male,2006,OtherHeartDisease,53.2
Male,2007,OtherHeartDisease,55
Male,2008,OtherHeartDisease,54.3
Male,2009,OtherHeartDisease,54.2
Male,2010,OtherHeartDisease,54.6
Male,2011,OtherHeartDisease,53.9
Male,2012,OtherHeartDisease,54.5
Male,2013,OtherHeartDisease,56.1
Male,2014,OtherHeartDisease,56.5
Male,2015,OtherHeartDisease,58.1
Female,2000,HeartDisease,210.9
Female,2001,HeartDisease,205.4
Female,2002,HeartDisease,200.3
Female,2003,HeartDisease,193.7
Female,2004,HeartDisease,181.5
Female,2005,HeartDisease,177.5
Female,2006,HeartDisease,167.2
Female,2007,HeartDisease,159
Female,2008,HeartDisease,155.9
Female,2009,HeartDisease,146.6
Female,2010,HeartDisease,143.3
Female,2011,HeartDisease,138.7
Female,2012,HeartDisease,135.5
Female,2013,HeartDisease,134.3
Female,2014,HeartDisease,131.8
Female,2015,HeartDisease,133.6
Female,2000,IschemicHeartDisease,146.5
Female,2001,IschemicHeartDisease,140.9
Female,2002,IschemicHeartDisease,135.7
Female,2003,IschemicHeartDisease,129.4
Female,2004,IschemicHeartDisease,119.4
Female,2005,IschemicHeartDisease,115
Female,2006,IschemicHeartDisease,106.3
Female,2007,IschemicHeartDisease,98.8
Female,2008,IschemicHeartDisease,96.3
Female,2009,IschemicHeartDisease,88.4
Female,2010,IschemicHeartDisease,84.9
Female,2011,IschemicHeartDisease,81
Female,2012,IschemicHeartDisease,77.8
Female,2013,IschemicHeartDisease,74.9
Female,2014,IschemicHeartDisease,71.6
Female,2015,IschemicHeartDisease,70.5
Female,2000,HeartFailure,19.2
Female,2001,HeartFailure,19.4
Female,2002,HeartFailure,19
Female,2003,HeartFailure,18.8
Female,2004,HeartFailure,18.6
Female,2005,HeartFailure,18.8
Female,2006,HeartFailure,18.6
Female,2007,HeartFailure,16.9
Female,2008,HeartFailure,16.6
Female,2009,HeartFailure,15.9
Female,2010,HeartFailure,15.9
Female,2011,HeartFailure,15.6
Female,2012,HeartFailure,15.5
Female,2013,HeartFailure,16.3
Female,2014,HeartFailure,16.8
Female,2015,HeartFailure,17.9
Female,2000,OtherHeartDisease,45.1
Female,2001,OtherHeartDisease,45
Female,2002,OtherHeartDisease,45.6
Female,2003,OtherHeartDisease,45.4
Female,2004,OtherHeartDisease,43.5
Female,2005,OtherHeartDisease,43.7
Female,2006,OtherHeartDisease,42.3
Female,2007,OtherHeartDisease,43.4
Female,2008,OtherHeartDisease,42.9
Female,2009,OtherHeartDisease,42.3
Female,2010,OtherHeartDisease,42.5
Female,2011,OtherHeartDisease,42.1
Female,2012,OtherHeartDisease,42.2
Female,2013,OtherHeartDisease,43
Female,2014,OtherHeartDisease,43.4
Female,2015,OtherHeartDisease,45.2
Total,2000,HeartDisease,257.6
Total,2001,HeartDisease,249.5
Total,2002,HeartDisease,244.6
Total,2003,HeartDisease,236.3
Total,2004,HeartDisease,221.6
Total,2005,HeartDisease,216.8
Total,2006,HeartDisease,205.5
Total,2007,HeartDisease,196.1
Total,2008,HeartDisease,192.1
Total,2009,HeartDisease,182.8
Total,2010,HeartDisease,179.1
Total,2011,HeartDisease,173.7
Total,2012,HeartDisease,170.5
Total,2013,HeartDisease,169.8
Total,2014,HeartDisease,167
Total,2015,HeartDisease,168.5
Total,2000,IschemicHeartDisease,186.8
Total,2001,IschemicHeartDisease,179
Total,2002,IschemicHeartDisease,173.5
Total,2003,IschemicHeartDisease,165.6
Total,2004,IschemicHeartDisease,153.2
Total,2005,IschemicHeartDisease,148.2
Total,2006,IschemicHeartDisease,138.3
Total,2007,IschemicHeartDisease,129.2
Total,2008,IschemicHeartDisease,126.1
Total,2009,IschemicHeartDisease,117.7
Total,2010,IschemicHeartDisease,113.6
Total,2011,IschemicHeartDisease,109.2
Total,2012,IschemicHeartDisease,105.4
Total,2013,IschemicHeartDisease,102.6
Total,2014,IschemicHeartDisease,98.8
Total,2015,IschemicHeartDisease,97.2
Total,2000,HeartFailure,20.3
Total,2001,HeartFailure,20.4
Total,2002,HeartFailure,19.9
Total,2003,HeartFailure,19.9
Total,2004,HeartFailure,19.5
Total,2005,HeartFailure,19.7
Total,2006,HeartFailure,19.7
Total,2007,HeartFailure,18
Total,2008,HeartFailure,17.7
Total,2009,HeartFailure,17.2
Total,2010,HeartFailure,17.3
Total,2011,HeartFailure,16.9
Total,2012,HeartFailure,17.1
Total,2013,HeartFailure,18
Total,2014,HeartFailure,18.6
Total,2015,HeartFailure,19.9
Total,2000,OtherHeartDisease,50.6
Total,2001,OtherHeartDisease,50.2
Total,2002,OtherHeartDisease,51.2
Total,2003,OtherHeartDisease,50.9
Total,2004,OtherHeartDisease,48.9
Total,2005,OtherHeartDisease,49
Total,2006,OtherHeartDisease,47.5
Total,2007,OtherHeartDisease,48.8
Total,2008,OtherHeartDisease,48.3
Total,2009,OtherHeartDisease,47.9
Total,2010,OtherHeartDisease,48.2
Total,2011,OtherHeartDisease,47.7
Total,2012,OtherHeartDisease,48
Total,2013,OtherHeartDisease,49.1
Total,2014,OtherHeartDisease,49.6
Total,2015,OtherHeartDisease,51.4
